,SOC code,Wage_BLS
0,00-0000,36200
1,11-0000,98560
2,11-1000,100940
3,11-1010,175110
4,11-1011,175110
5,11-1020,97730
6,11-1021,97730
7,11-1030,20500
8,11-1031,20500
9,11-2000,116810
10,11-2010,95890
11,11-2011,95890
12,11-2020,119280
13,11-2021,128750
14,11-2022,113860
15,11-2030,104140
16,11-2031,104140
17,11-3000,108260
18,11-3010,86110
19,11-3011,86110
20,11-3020,131600
21,11-3021,131600
22,11-3030,117990
23,11-3031,117990
24,11-3050,93940
25,11-3051,93940
26,11-3060,108120
27,11-3061,108120
28,11-3070,86630
29,11-3071,86630
30,11-3110,111430
31,11-3111,111430
32,11-3120,104440
33,11-3121,104440
34,11-3130,102640
35,11-3131,102640
36,11-9000,85880
37,11-9010,64170
38,11-9013,64170
39,11-9020,87400
40,11-9021,87400
41,11-9030,85290
42,11-9031,45670
43,11-9032,90410
44,11-9033,88580
45,11-9039,76930
46,11-9040,132800
47,11-9041,132800
48,11-9050,48690
49,11-9051,48690
50,11-9060,70890
51,11-9061,70890
52,11-9070,68380
53,11-9071,68380
54,11-9080,49720
55,11-9081,49720
56,11-9110,94500
57,11-9111,94500
58,11-9120,120160
59,11-9121,120160
60,11-9130,70640
61,11-9131,70640
62,11-9140,55380
63,11-9141,55380
64,11-9150,63530
65,11-9151,63530
66,11-9160,67330
67,11-9161,67330
68,11-9190,104850
69,11-9199,104850
70,13-0000,65710
71,13-1000,64510
72,13-1010,62940
73,13-1011,62940
74,13-1020,59620
75,13-1021,56270
76,13-1022,52940
77,13-1023,62220
78,13-1030,63060
79,13-1031,62980
80,13-1032,64020
81,13-1040,65640
82,13-1041,65640
83,13-1050,60390
84,13-1051,60390
85,13-1070,58370
86,13-1071,58350
87,13-1074,30910
88,13-1075,58820
89,13-1080,74260
90,13-1081,74260
91,13-1110,81320
92,13-1111,81320
93,13-1120,46840
94,13-1121,46840
95,13-1130,52970
96,13-1131,52970
97,13-1140,60850
98,13-1141,60850
99,13-1150,58210
100,13-1151,58210
101,13-1160,62150
102,13-1161,62150
103,13-1190,68170
104,13-1199,68170
105,13-2000,67740
106,13-2010,67190
107,13-2011,67190
108,13-2020,51860
109,13-2021,51860
110,13-2030,71590
111,13-2031,71590
112,13-2040,69680
113,13-2041,69680
114,13-2050,79350
115,13-2051,80310
116,13-2052,89160
117,13-2053,65040
118,13-2060,78010
119,13-2061,78010
120,13-2070,60910
121,13-2071,43840
122,13-2072,63430
123,13-2080,44840
124,13-2081,51430
125,13-2082,36450
126,13-2090,66670
127,13-2099,66670
128,15-0000,81430
129,15-1100,81430
130,15-1110,110620
131,15-1111,110620
132,15-1120,86370
133,15-1121,85800
134,15-1122,90120
135,15-1130,94080
136,15-1131,79530
137,15-1132,98260
138,15-1133,105570
139,15-1134,64970
140,15-1140,82780
141,15-1141,81710
142,15-1142,77810
143,15-1143,100240
144,15-1150,51470
145,15-1151,48620
146,15-1152,62250
147,15-1190,85240
148,15-1199,85240
149,15-2000,81360
150,15-2010,97070
151,15-2011,97070
152,15-2020,111110
153,15-2021,111110
154,15-2030,78630
155,15-2031,78630
156,15-2040,80110
157,15-2041,80110
158,15-2090,58580
159,15-2091,46600
160,15-2099,66210
161,17-0000,76870
162,17-1000,69130
163,17-1010,74040
164,17-1011,76100
165,17-1012,63810
166,17-1020,58920
167,17-1021,61880
168,17-1022,58020
169,17-2000,90060
170,17-2010,107830
171,17-2011,107830
172,17-2020,75090
173,17-2021,75090
174,17-2030,86220
175,17-2031,86220
176,17-2040,97360
177,17-2041,97360
178,17-2050,82220
179,17-2051,82220
180,17-2060,111730
181,17-2061,111730
182,17-2070,95230
183,17-2071,93010
184,17-2072,98270
185,17-2080,84560
186,17-2081,84560
187,17-2110,83570
188,17-2111,84600
189,17-2112,83470
190,17-2120,93110
191,17-2121,93110
192,17-2130,91310
193,17-2131,91310
194,17-2140,83590
195,17-2141,83590
196,17-2150,94040
197,17-2151,94040
198,17-2160,102950
199,17-2161,102950
200,17-2170,129990
201,17-2171,129990
202,17-2190,95900
203,17-2199,95900
204,17-3000,54140
205,17-3010,52720
206,17-3011,50710
207,17-3012,59520
208,17-3013,53520
209,17-3019,49650
210,17-3020,56450
211,17-3021,66180
212,17-3022,49260
213,17-3023,61130
214,17-3024,53340
215,17-3025,48650
216,17-3026,53780
217,17-3027,53910
218,17-3029,61260
219,17-3030,42010
220,17-3031,42010
221,19-0000,62160
222,19-1000,72090
223,19-1010,62470
224,19-1011,60390
225,19-1012,65840
226,19-1013,60050
227,19-1020,72220
228,19-1021,82150
229,19-1022,67550
230,19-1023,59680
231,19-1029,75150
232,19-1030,60220
233,19-1031,61110
234,19-1032,58230
235,19-1040,81060
236,19-1041,69450
237,19-1042,82240
238,19-1090,70550
239,19-1099,70550
240,19-2000,76140
241,19-2010,110980
242,19-2011,104100
243,19-2012,111580
244,19-2020,89820
245,19-2021,89820
246,19-2030,72610
247,19-2031,71260
248,19-2032,91000
249,19-2040,71740
250,19-2041,67460
251,19-2042,89700
252,19-2043,79550
253,19-2090,97130
254,19-2099,97130
255,19-3000,72570
256,19-3010,99180
257,19-3011,99180
258,19-3020,53920
259,19-3022,53920
260,19-3030,72580
261,19-3031,70580
262,19-3032,77350
263,19-3039,94590
264,19-3040,73760
265,19-3041,73760
266,19-3050,68220
267,19-3051,68220
268,19-3090,74640
269,19-3091,61220
270,19-3092,74260
271,19-3093,55800
272,19-3094,99730
273,19-3099,76380
274,19-4000,43490
275,19-4010,36480
276,19-4011,36480
277,19-4020,41650
278,19-4021,41650
279,19-4030,44660
280,19-4031,44660
281,19-4040,55610
282,19-4041,55610
283,19-4050,80260
284,19-4051,80260
285,19-4060,42480
286,19-4061,42480
287,19-4090,43520
288,19-4091,43030
289,19-4092,56320
290,19-4093,35430
291,19-4099,45300
292,21-0000,42010
293,21-1000,42030
294,21-1010,45160
295,21-1011,39980
296,21-1012,53660
297,21-1013,48600
298,21-1014,41880
299,21-1015,34390
300,21-1019,45530
301,21-1020,45900
302,21-1021,42350
303,21-1022,52380
304,21-1023,42170
305,21-1029,58560
306,21-1090,36110
307,21-1091,51960
308,21-1092,49360
309,21-1093,30830
310,21-1094,36300
311,21-1099,41890
312,21-2000,41550
313,21-2010,44250
314,21-2011,44250
315,21-2020,38780
316,21-2021,38780
317,21-2090,28750
318,21-2099,28750
319,23-0000,78170
320,23-1000,113120
321,23-1010,114280
322,23-1011,115820
323,23-1012,50740
324,23-1020,99870
325,23-1021,90600
326,23-1022,58020
327,23-1023,126930
328,23-2000,48680
329,23-2010,48810
330,23-2011,48810
331,23-2090,48310
332,23-2091,49500
333,23-2093,44370
334,23-2099,53920
335,25-0000,47220
336,25-1000,64450
337,25-1010,75370
338,25-1011,75370
339,25-1020,69990
340,25-1021,74840
341,25-1022,67170
342,25-1030,91610
343,25-1031,73920
344,25-1032,95060
345,25-1040,77960
346,25-1041,90780
347,25-1042,75320
348,25-1043,88270
349,25-1050,79020
350,25-1051,83150
351,25-1052,75060
352,25-1053,78770
353,25-1054,82840
354,25-1060,73490
355,25-1061,77650
356,25-1062,72300
357,25-1063,94000
358,25-1064,75400
359,25-1065,76370
360,25-1066,70260
361,25-1067,69230
362,25-1069,67490
363,25-1070,81470
364,25-1071,90840
365,25-1072,67480
366,25-1080,62040
367,25-1081,61560
368,25-1082,67660
369,25-1110,69240
370,25-1111,58770
371,25-1112,105250
372,25-1113,63390
373,25-1120,64120
374,25-1121,65340
375,25-1122,63410
376,25-1123,61990
377,25-1124,61380
378,25-1125,69400
379,25-1126,66380
380,25-1190,47780
381,25-1191,30810
382,25-1192,64950
383,25-1193,59280
384,25-1194,49470
385,25-1199,63000
386,25-2000,53860
387,25-2010,34330
388,25-2011,28570
389,25-2012,51640
390,25-2020,55200
391,25-2021,54890
392,25-2022,55860
393,25-2023,55190
394,25-2030,57110
395,25-2031,57200
396,25-2032,56130
397,25-2050,56610
398,25-2051,53990
399,25-2052,55810
400,25-2053,57280
401,25-2054,58500
402,25-2059,53920
403,25-3000,30760
404,25-3010,50280
405,25-3011,50280
406,25-3020,36680
407,25-3021,36680
408,25-3090,28960
409,25-3097,40140
410,25-3098,26830
411,25-4000,45960
412,25-4010,46710
413,25-4011,50250
414,25-4012,51520
415,25-4013,40340
416,25-4020,56880
417,25-4021,56880
418,25-4030,32310
419,25-4031,32310
420,25-9000,26970
421,25-9010,45890
422,25-9011,45890
423,25-9020,49190
424,25-9021,49190
425,25-9030,62270
426,25-9031,62270
427,25-9040,24900
428,25-9041,24900
429,25-9090,40380
430,25-9099,40380
431,27-0000,46160
432,27-1000,43950
433,27-1010,67620
434,27-1011,89760
435,27-1012,30720
436,27-1013,46460
437,27-1014,63970
438,27-1019,58450
439,27-1020,40530
440,27-1021,67130
441,27-1022,63670
442,27-1023,25010
443,27-1024,46900
444,27-1025,48840
445,27-1026,26870
446,27-1027,49530
447,27-1029,53280
448,27-2000,40030
449,27-2010,60480
451,27-2012,68440
452,27-2020,31010
453,27-2021,44680
454,27-2022,31000
455,27-2023,24870
456,27-2030,35050
458,27-2032,45940
460,27-2041,49820
464,27-3000,53530
465,27-3010,30080
466,27-3011,30960
467,27-3012,26930
468,27-3020,37720
469,27-3021,65530
470,27-3022,36360
471,27-3030,56770
472,27-3031,56770
473,27-3040,60820
474,27-3041,56010
475,27-3042,70240
476,27-3043,60250
477,27-3090,44480
478,27-3091,44190
479,27-3099,45220
480,27-4000,43480
481,27-4010,41860
482,27-4011,41440
483,27-4012,37490
484,27-4013,50040
485,27-4014,53330
486,27-4020,31710
487,27-4021,31710
488,27-4030,55740
489,27-4031,49080
490,27-4032,61750
491,27-4090,70590
492,27-4099,70590
493,29-0000,62610
494,29-1000,76760
495,29-1010,64440
496,29-1011,64440
497,29-1020,158310
498,29-1021,152700
501,29-1024,119740
502,29-1029,171000
503,29-1030,57910
504,29-1031,57910
505,29-1040,103900
506,29-1041,103900
507,29-1050,121500
508,29-1051,121500
511,29-1062,184390
514,29-1065,170300
518,29-1070,98180
519,29-1071,98180
520,29-1080,119340
521,29-1081,119340
522,29-1120,73900
523,29-1122,80150
524,29-1123,84020
525,29-1124,80220
526,29-1125,45890
527,29-1126,57790
528,29-1127,73410
529,29-1128,47010
530,29-1129,56010
531,29-1130,88490
532,29-1131,88490
533,29-1140,67490
534,29-1141,67490
535,29-1150,157140
536,29-1151,157140
537,29-1160,92510
538,29-1161,92510
539,29-1170,98190
540,29-1171,98190
541,29-1180,74890
542,29-1181,74890
543,29-1190,74710
544,29-1199,74710
545,29-2000,42190
546,29-2010,50550
547,29-2011,60520
548,29-2012,38970
549,29-2020,72330
550,29-2021,72330
551,29-2030,60400
552,29-2031,54880
553,29-2032,68970
554,29-2033,73360
555,29-2034,56670
556,29-2035,67720
557,29-2040,31980
558,29-2041,31980
559,29-2050,32680
560,29-2051,26040
561,29-2052,30410
562,29-2053,31140
563,29-2054,48490
564,29-2055,44330
565,29-2056,31800
566,29-2057,35350
567,29-2060,43170
568,29-2061,43170
569,29-2070,37110
570,29-2071,37110
571,29-2080,34840
572,29-2081,34840
573,29-2090,42730
574,29-2091,64430
575,29-2092,49600
576,29-2099,41260
577,29-9000,57990
578,29-9010,65920
579,29-9011,70210
580,29-9012,48070
581,29-9090,47090
582,29-9091,44670
583,29-9092,72090
584,29-9099,48270
585,31-0000,27040
586,31-1000,24040
587,31-1010,24040
588,31-1011,21920
589,31-1013,26190
590,31-1014,25710
591,31-1015,25580
592,31-2000,46720
593,31-2010,54520
594,31-2011,57870
595,31-2012,27800
596,31-2020,42980
597,31-2021,55170
598,31-2022,25120
599,31-9000,32210
600,31-9010,38040
601,31-9011,38040
602,31-9090,31950
603,31-9091,35980
604,31-9092,30590
605,31-9093,33330
606,31-9094,34890
607,31-9095,24450
608,31-9096,24360
609,31-9097,31630
610,31-9099,35780
611,33-0000,37730
612,33-1000,66060
613,33-1010,75250
614,33-1011,59720
615,33-1012,82090
616,33-1020,72230
617,33-1021,72230
618,33-1090,46900
619,33-1099,46900
620,33-2000,47250
621,33-2010,46870
622,33-2011,46870
623,33-2020,54790
624,33-2021,56730
625,33-2022,36650
626,33-3000,52070
627,33-3010,40580
628,33-3011,41670
629,33-3012,40530
630,33-3020,77210
631,33-3021,77210
632,33-3030,52780
633,33-3031,52780
634,33-3040,36530
635,33-3041,36530
636,33-3050,58330
637,33-3051,58320
638,33-3052,59670
639,33-9000,24870
640,33-9010,33450
641,33-9011,33450
642,33-9020,45610
643,33-9021,45610
644,33-9030,24680
645,33-9031,31170
646,33-9032,24630
647,33-9090,24280
648,33-9091,25100
649,33-9092,19500
650,33-9093,39310
651,33-9099,28650
652,35-0000,19580
653,35-1000,31420
654,35-1010,31420
655,35-1011,41500
656,35-1012,30340
657,35-2000,21310
658,35-2010,21720
659,35-2011,19080
660,35-2012,23960
661,35-2013,26300
662,35-2014,23100
663,35-2015,20780
664,35-2019,26350
665,35-2020,20180
666,35-2021,20180
667,35-3000,19110
668,35-3010,19530
669,35-3011,19530
670,35-3020,18960
671,35-3021,18910
672,35-3022,19230
673,35-3030,19250
674,35-3031,19250
675,35-3040,20420
676,35-3041,20420
677,35-9000,19290
678,35-9010,19280
679,35-9011,19280
680,35-9020,19340
681,35-9021,19340
682,35-9030,19180
683,35-9031,19180
684,35-9090,20380
685,35-9099,20380
686,37-0000,23860
687,37-1000,39440
688,37-1010,39440
689,37-1011,37050
690,37-1012,43980
691,37-2000,22740
692,37-2010,22590
693,37-2011,23440
694,37-2012,20740
695,37-2019,29250
696,37-2020,32160
697,37-2021,32160
698,37-3000,25610
699,37-3010,25610
700,37-3011,25030
701,37-3012,32540
702,37-3013,33500
703,37-3019,29220
704,39-0000,21850
705,39-1000,36840
706,39-1010,46160
707,39-1011,49730
708,39-1012,35680
709,39-1020,35710
710,39-1021,35710
711,39-2000,21260
712,39-2010,26610
713,39-2011,26610
714,39-2020,21010
715,39-2021,21010
716,39-3000,19320
717,39-3010,19220
718,39-3011,19000
719,39-3012,22700
720,39-3019,24040
721,39-3020,21490
722,39-3021,21490
723,39-3030,19180
724,39-3031,19180
725,39-3090,19410
726,39-3091,19280
727,39-3092,44500
728,39-3093,21020
729,39-3099,22720
730,39-4000,30770
731,39-4010,40410
732,39-4011,40410
733,39-4020,23770
734,39-4021,23770
735,39-4030,48490
736,39-4031,48490
737,39-5000,23240
738,39-5010,23710
739,39-5011,24850
740,39-5012,23660
741,39-5090,22150
742,39-5091,53230
743,39-5092,20820
744,39-5093,19290
745,39-5094,30090
746,39-6000,24130
747,39-6010,24130
748,39-6011,21160
749,39-6012,29030
750,39-7000,24650
751,39-7010,24650
752,39-7011,24100
753,39-7012,34180
754,39-9000,21640
755,39-9010,20320
756,39-9011,20320
757,39-9020,20980
758,39-9021,20980
759,39-9030,26550
760,39-9031,36160
761,39-9032,23320
762,39-9040,24990
763,39-9041,24990
764,39-9090,22310
765,39-9099,22310
766,41-0000,25660
767,41-1000,41330
768,41-1010,41330
769,41-1011,38310
770,41-1012,72300
771,41-2000,20470
772,41-2010,19320
773,41-2011,19310
774,41-2012,22930
775,41-2020,26160
776,41-2021,24440
777,41-2022,29650
778,41-2030,21780
779,41-2031,21780
780,41-3000,51540
781,41-3010,48490
782,41-3011,48490
783,41-3020,48200
784,41-3021,48200
785,41-3030,71550
786,41-3031,71550
787,41-3040,35660
788,41-3041,35660
789,41-3090,51700
790,41-3099,51700
791,41-4000,59080
792,41-4010,59080
793,41-4011,76190
794,41-4012,55730
795,41-9000,30870
796,41-9010,24970
797,41-9011,24940
798,41-9012,27530
799,41-9020,45610
800,41-9021,56860
801,41-9022,43370
802,41-9030,97650
803,41-9031,97650
804,41-9040,23530
805,41-9041,23530
806,41-9090,31940
807,41-9091,22210
808,41-9099,33240
809,43-0000,33200
810,43-1000,52630
811,43-1010,52630
812,43-1011,52630
813,43-2000,28010
814,43-2010,27440
815,43-2011,27440
816,43-2020,35880
817,43-2021,35880
818,43-2090,40330
819,43-2099,40330
820,43-3000,34830
821,43-3010,34440
822,43-3011,34440
823,43-3020,35050
824,43-3021,35050
825,43-3030,37250
826,43-3031,37250
827,43-3040,25860
828,43-3041,25860
829,43-3050,41000
830,43-3051,41000
831,43-3060,40600
832,43-3061,40600
833,43-3070,26410
834,43-3071,26410
835,43-3090,40080
836,43-3099,40080
837,43-4000,31010
838,43-4010,48180
839,43-4011,48180
840,43-4020,35320
841,43-4021,35320
842,43-4030,35850
843,43-4031,35850
844,43-4040,35280
845,43-4041,35280
846,43-4050,31720
847,43-4051,31720
848,43-4060,43170
849,43-4061,43170
850,43-4070,27850
851,43-4071,27850
852,43-4080,21040
853,43-4081,21040
854,43-4110,31410
855,43-4111,31410
856,43-4120,24480
857,43-4121,24480
858,43-4130,37710
859,43-4131,37710
860,43-4140,34880
861,43-4141,34880
862,43-4150,32330
863,43-4151,32330
864,43-4160,38100
865,43-4161,38100
866,43-4170,27300
867,43-4171,27300
868,43-4180,35170
869,43-4181,35170
870,43-4190,37990
871,43-4199,37990
872,43-5000,29780
873,43-5010,41870
874,43-5011,41870
875,43-5020,27280
876,43-5021,27280
877,43-5030,37440
878,43-5031,38010
879,43-5032,37150
880,43-5040,38510
881,43-5041,38510
882,43-5050,56790
883,43-5051,56790
884,43-5052,58280
885,43-5053,56740
886,43-5060,46150
887,43-5061,46150
888,43-5070,30450
889,43-5071,30450
890,43-5080,23220
891,43-5081,23220
892,43-5110,28690
893,43-5111,28690
894,43-6000,36500
895,43-6010,36500
896,43-6011,53370
897,43-6012,43200
898,43-6013,33040
899,43-6014,33910
900,43-9000,30520
901,43-9010,40420
902,43-9011,40420
903,43-9020,31180
904,43-9021,29460
905,43-9022,37610
906,43-9030,39840
907,43-9031,39840
908,43-9040,37530
909,43-9041,37530
910,43-9050,28570
911,43-9051,28570
912,43-9060,29580
913,43-9061,29580
914,43-9070,29010
915,43-9071,29010
916,43-9080,35630
917,43-9081,35630
918,43-9110,42700
919,43-9111,42700
920,43-9190,32590
921,43-9199,32590
922,45-0000,21760
923,45-1000,45340
924,45-1010,45340
925,45-1011,45340
926,45-2000,20500
927,45-2010,43380
928,45-2011,43380
929,45-2020,39380
930,45-2021,39380
931,45-2040,21100
932,45-2041,21100
933,45-2090,20080
934,45-2091,27840
935,45-2092,19770
936,45-2093,23750
937,45-2099,29830
938,45-3000,28100
939,45-3010,27340
940,45-3011,27340
941,45-4000,35150
942,45-4010,26190
943,45-4011,26190
944,45-4020,36210
945,45-4021,36400
946,45-4022,36290
947,45-4023,36110
948,45-4029,35620
949,47-0000,42280
950,47-1000,62070
951,47-1010,62070
952,47-1011,62070
953,47-2000,41020
954,47-2010,60120
955,47-2011,60120
956,47-2020,46420
957,47-2021,47950
958,47-2022,38630
959,47-2030,42090
960,47-2031,42090
961,47-2040,38230
962,47-2041,37220
963,47-2042,37030
964,47-2043,36930
965,47-2044,39400
966,47-2050,37780
967,47-2051,37740
968,47-2053,40710
969,47-2060,31910
970,47-2061,31910
971,47-2070,43810
972,47-2071,38270
973,47-2072,49430
974,47-2073,44600
975,47-2080,40470
976,47-2081,39220
977,47-2082,47970
978,47-2110,51880
979,47-2111,51880
980,47-2120,39440
981,47-2121,39440
982,47-2130,38630
983,47-2131,35040
984,47-2132,43610
985,47-2140,36550
986,47-2141,36580
987,47-2142,33590
988,47-2150,49340
989,47-2151,37780
990,47-2152,50620
991,47-2160,37320
992,47-2161,37320
993,47-2170,48010
994,47-2171,48010
995,47-2180,36720
996,47-2181,36720
997,47-2210,45750
998,47-2211,45750
999,47-2220,50490
1000,47-2221,50490
1001,47-2230,37830
1002,47-2231,37830
1003,47-3000,28380
1004,47-3010,28380
1005,47-3011,29320
1006,47-3012,27890
1007,47-3013,28730
1008,47-3014,26480
1009,47-3015,28500
1010,47-3016,27110
1011,47-3019,28510
1012,47-4000,41930
1013,47-4010,57340
1014,47-4011,57340
1015,47-4020,80870
1016,47-4021,80870
1017,47-4030,32450
1018,47-4031,32450
1019,47-4040,39690
1020,47-4041,39690
1021,47-4050,36930
1022,47-4051,36930
1023,47-4060,52830
1024,47-4061,52830
1025,47-4070,35370
1026,47-4071,35370
1027,47-4090,36000
1028,47-4091,30730
1029,47-4099,36300
1030,47-5000,42680
1031,47-5010,47240
1032,47-5011,47910
1033,47-5012,54310
1034,47-5013,45000
1035,47-5020,44240
1036,47-5021,44240
1037,47-5030,50210
1038,47-5031,50210
1039,47-5040,49560
1040,47-5041,48620
1041,47-5042,51810
1042,47-5049,48550
1043,47-5050,33820
1044,47-5051,33820
1045,47-5060,54950
1046,47-5061,54950
1047,47-5070,36510
1048,47-5071,36510
1049,47-5080,35760
1050,47-5081,35760
1051,47-5090,44370
1052,47-5099,44370
1053,49-0000,42790
1054,49-1000,63010
1055,49-1010,63010
1056,49-1011,63010
1057,49-2000,48470
1058,49-2010,36840
1059,49-2011,36840
1060,49-2020,54390
1061,49-2021,51660
1062,49-2022,54570
1063,49-2090,49750
1064,49-2091,58540
1065,49-2092,40520
1066,49-2093,58990
1067,49-2094,55690
1068,49-2095,73810
1069,49-2096,31360
1070,49-2097,37790
1071,49-2098,43420
1072,49-3000,40160
1073,49-3010,58370
1074,49-3011,58370
1075,49-3020,38290
1076,49-3021,40970
1077,49-3022,33830
1078,49-3023,37850
1079,49-3030,44520
1080,49-3031,44520
1081,49-3040,47120
1082,49-3041,37050
1083,49-3042,48770
1084,49-3043,55570
1085,49-3050,34650
1086,49-3051,38280
1087,49-3052,34220
1088,49-3053,32710
1089,49-3090,25140
1090,49-3091,27470
1091,49-3092,35670
1092,49-3093,24220
1093,49-9000,40330
1094,49-9010,47400
1095,49-9011,38160
1096,49-9012,54100
1097,49-9020,45110
1098,49-9021,45110
1099,49-9030,36200
1100,49-9031,36200
1101,49-9040,48410
1102,49-9041,49690
1103,49-9043,43260
1104,49-9044,51390
1105,49-9045,47060
1106,49-9050,61430
1107,49-9051,66450
1108,49-9052,52920
1109,49-9060,45640
1110,49-9061,40620
1111,49-9062,46340
1112,49-9063,35660
1113,49-9064,34750
1114,49-9069,54350
1115,49-9070,36630
1116,49-9071,36630
1117,49-9080,51050
1118,49-9081,51050
1119,49-9090,33240
1120,49-9091,32700
1121,49-9092,50470
1122,49-9093,24490
1123,49-9094,39160
1124,49-9095,30050
1125,49-9096,43220
1126,49-9097,63840
1127,49-9098,26400
1128,49-9099,37730
1129,51-0000,32250
1130,51-1000,56340
1131,51-1010,56340
1132,51-1011,56340
1133,51-2000,30080
1134,51-2010,48970
1135,51-2011,48970
1136,51-2020,31350
1137,51-2021,31730
1138,51-2022,30860
1139,51-2023,33580
1140,51-2030,39600
1141,51-2031,39600
1142,51-2040,37050
1143,51-2041,37050
1144,51-2090,28850
1145,51-2091,29160
1146,51-2092,29080
1147,51-2093,36940
1148,51-2099,27620
1149,51-3000,25470
1150,51-3010,24170
1151,51-3011,24170
1152,51-3020,25660
1153,51-3021,29130
1154,51-3022,23870
1155,51-3023,25650
1156,51-3090,26350
1157,51-3091,28060
1158,51-3092,26950
1159,51-3093,27760
1160,51-3099,23720
1161,51-4000,36730
1162,51-4010,38430
1163,51-4011,37030
1164,51-4012,48990
1165,51-4020,34990
1166,51-4021,33120
1167,51-4022,35070
1168,51-4023,40590
1169,51-4030,32830
1170,51-4031,31280
1171,51-4032,35480
1172,51-4033,32840
1173,51-4034,36810
1174,51-4035,38250
1175,51-4040,40550
1176,51-4041,40550
1177,51-4050,39490
1178,51-4051,42240
1179,51-4052,33850
1180,51-4060,43950
1181,51-4061,45980
1182,51-4062,40960
1183,51-4070,29630
1184,51-4071,32680
1185,51-4072,29340
1186,51-4080,33950
1187,51-4081,33950
1188,51-4110,50290
1189,51-4111,50290
1190,51-4120,37910
1191,51-4121,38150
1192,51-4122,36150
1193,51-4190,34270
1194,51-4191,36600
1195,51-4192,44530
1196,51-4193,30550
1197,51-4194,35550
1198,51-4199,32990
1199,51-5100,34620
1200,51-5110,34620
1201,51-5111,38270
1202,51-5112,35240
1203,51-5113,30260
1204,51-6000,22990
1205,51-6010,20820
1206,51-6011,20820
1207,51-6020,20470
1208,51-6021,20470
1209,51-6030,22550
1210,51-6031,22550
1211,51-6040,24090
1212,51-6041,23630
1213,51-6042,25190
1214,51-6050,25120
1215,51-6051,23640
1216,51-6052,25830
1217,51-6060,26690
1218,51-6061,26340
1219,51-6062,25490
1220,51-6063,27220
1221,51-6064,26870
1222,51-6090,31120
1223,51-6091,32980
1224,51-6092,43900
1225,51-6093,32020
1226,51-6099,26310
1227,51-7000,29500
1228,51-7010,32270
1229,51-7011,32270
1230,51-7020,29200
1231,51-7021,29200
1232,51-7030,35720
1233,51-7031,33590
1234,51-7032,38410
1235,51-7040,27810
1236,51-7041,27800
1237,51-7042,27820
1238,51-7090,28990
1239,51-7099,28990
1240,51-8000,57160
1241,51-8010,75660
1242,51-8011,88560
1243,51-8012,80840
1244,51-8013,71940
1245,51-8020,58530
1246,51-8021,58530
1247,51-8030,44790
1248,51-8031,44790
1249,51-8090,62100
1250,51-8091,59320
1251,51-8092,66010
1252,51-8093,65190
1253,51-8099,55540
1254,51-9000,30590
1255,51-9010,43340
1256,51-9011,47220
1257,51-9012,38420
1258,51-9020,33460
1259,51-9021,33810
1260,51-9022,28610
1261,51-9023,34600
1262,51-9030,30970
1263,51-9031,26820
1264,51-9032,32190
1265,51-9040,32160
1266,51-9041,32160
1267,51-9050,35360
1268,51-9051,35360
1269,51-9060,36000
1270,51-9061,36000
1271,51-9070,37060
1272,51-9071,37060
1273,51-9080,33950
1274,51-9081,37190
1275,51-9082,34890
1276,51-9083,29860
1277,51-9110,27080
1278,51-9111,27080
1279,51-9120,34340
1280,51-9121,31940
1281,51-9122,41150
1282,51-9123,29270
1283,51-9140,35390
1284,51-9141,35390
1285,51-9150,26590
1286,51-9151,26590
1287,51-9190,26590
1288,51-9191,31710
1289,51-9192,27880
1290,51-9193,28630
1291,51-9194,29810
1292,51-9195,29630
1293,51-9196,35710
1294,51-9197,39120
1295,51-9198,23960
1296,51-9199,27950
1297,53-0000,30090
1298,53-1000,51280
1299,53-1010,45470
1300,53-1011,45470
1301,53-1020,46960
1302,53-1021,46960
1303,53-1030,55860
1304,53-1031,55860
1305,53-2000,68510
1306,53-2010,102520
1307,53-2011,117290
1308,53-2012,76150
1309,53-2020,99940
1310,53-2021,122950
1311,53-2022,51880
1312,53-2030,44860
1313,53-2031,44860
1314,53-3000,34170
1315,53-3010,23740
1316,53-3011,23740
1317,53-3020,30950
1318,53-3021,38290
1319,53-3022,29490
1320,53-3030,35850
1321,53-3031,22450
1322,53-3032,40260
1323,53-3033,29850
1324,53-3040,23510
1325,53-3041,23510
1326,53-3090,29230
1327,53-3099,29230
1328,53-4000,55900
1329,53-4010,55030
1330,53-4011,56240
1331,53-4012,48470
1332,53-4013,45780
1333,53-4020,54020
1334,53-4021,54020
1335,53-4030,55930
1336,53-4031,55930
1337,53-4040,62360
1338,53-4041,62360
1339,53-4090,59840
1340,53-4099,59840
1341,53-5000,55000
1342,53-5010,41260
1343,53-5011,41260
1344,53-5020,72420
1345,53-5021,76780
1346,53-5022,36800
1347,53-5030,72870
1348,53-5031,72870
1349,53-6000,22880
1350,53-6010,48520
1351,53-6011,48520
1352,53-6020,20630
1353,53-6021,20630
1354,53-6030,21560
1355,53-6031,21560
1356,53-6040,43930
1357,53-6041,43930
1358,53-6050,70820
1359,53-6051,70820
1360,53-6060,25930
1361,53-6061,25930
1362,53-6090,36890
1363,53-6099,36890
1364,53-7000,25420
1365,53-7010,32050
1366,53-7011,32050
1367,53-7020,51650
1368,53-7021,51650
1369,53-7030,40650
1370,53-7031,40060
1371,53-7032,40050
1372,53-7033,52320
1373,53-7040,42220
1374,53-7041,42220
1375,53-7050,32090
1376,53-7051,32090
1377,53-7060,23930
1378,53-7061,21310
1379,53-7062,25010
1380,53-7063,29440
1381,53-7064,21010
1382,53-7070,47200
1383,53-7071,58350
1384,53-7072,42420
1385,53-7073,46990
1386,53-7080,33800
1387,53-7081,33800
1388,53-7110,55320
1389,53-7111,55320
1390,53-7120,36660
1391,53-7121,36660
1392,53-7190,30360
1393,53-7199,30360
